{
  "accuracy": 0.5714285714285714,
  "precision": 0.5294117647058824,
  "recall": 0.4090909090909091,
  "f1_score": 0.46153846153846156,
  "true_positives": 18,
  "true_negatives": 38,
  "false_positives": 16,
  "false_negatives": 26,
  "best_val_accuracy": 0.6091954022988506,
  "final_epoch": 45,
  "config": {
    "market": "HBEA",
    "use_sentiment": false,
    "sequence_length": 12,
    "batch_size": 16,
    "learning_rate": 0.001,
    "hidden_size": 64,
    "num_layers": 2,
    "input_features": 49
  }
}