{
  "reversal_threshold": 0.7,
  "reversal_stats": {
    "total_samples": 19,
    "reversed": 5,
    "reversal_rate": 0.2631578947368421,
    "avg_error_prob": 0.6316218376159668,
    "coverage": 1.0
  },
  "feature_importance": [
    0.0,
    0.06821540743112564,
    0.04051670804619789,
    0.15324567258358002,
    0.07738319784402847,
    0.051228877156972885,
    0.09607066959142685,
    0.08370467275381088,
    0.09255141764879227,
    0.08627553284168243,
    0.0882529616355896,
    0.08662470430135727,
    0.0,
    0.0759301409125328,
    0.0,
    0.0
  ],
  "model_type": "XGBoost"
}