{
  "training": {
    "lstm_baseline_accuracy": 0.41379310344827586,
    "final_accuracy": 0.5344827586206896,
    "improvement": 0.12068965517241376,
    "reversal_rate": 0.15517241379310345,
    "reversals_correct": 0.8888888888888888,
    "kept_correct": 0.46938775510204084,
    "coverage": 1.0,
    "total_samples": 58,
    "reversed_count": 9,
    "precision": 0.46938775510204084,
    "recall": 0.9583333333333334,
    "f1_score": 0.6301369863013699
  },
  "validation": {
    "lstm_baseline_accuracy": 0.3684210526315789,
    "final_accuracy": 0.5263157894736842,
    "improvement": 0.15789473684210525,
    "reversal_rate": 0.2631578947368421,
    "reversals_correct": 0.8,
    "kept_correct": 0.42857142857142855,
    "coverage": 1.0,
    "total_samples": 19,
    "reversed_count": 5,
    "precision": 0.42857142857142855,
    "recall": 0.8571428571428571,
    "f1_score": 0.5714285714285714
  },
  "reversal_stats": {
    "total_samples": 19,
    "reversed": 5,
    "reversal_rate": 0.2631578947368421,
    "avg_error_prob": 0.6316218376159668,
    "coverage": 1.0
  },
  "config": {
    "market": "GDEA",
    "frequency": "weekly",
    "reversal_threshold": 0.7,
    "coverage": 1.0
  }
}