{
  "test_f1": 0.42959202937281127,
  "test_f1_std": 0.23196715086136552,
  "test_accuracy": 0.537593984962406,
  "test_accuracy_std": 0.12451500121563305,
  "test_precision": 0.43928155178155187,
  "test_precision_std": 0.2603932270188918,
  "test_recall": 0.523811704168847,
  "test_recall_std": 0.33144885346409175,
  "best_walk": 9,
  "best_f1": 0.7333333333333333,
  "n_walks": 14,
  "total_test_samples": 266,
  "true_positives": 58,
  "true_negatives": 85,
  "false_positives": 62,
  "false_negatives": 61
}