{
  "test_accuracy": 0.5876288659793815,
  "test_precision": 0.56,
  "test_recall": 0.32558139534883723,
  "test_f1": 0.411764705882353,
  "true_positives": 14,
  "true_negatives": 43,
  "false_positives": 11,
  "false_negatives": 29,
  "best_val_accuracy": 0.5632183908045977,
  "best_epoch": 7,
  "total_epochs": 27
}