{
  "sentiment_supply": {
    "mean": 9.949561400261278,
    "std": 17.748722164819238,
    "min": -30.0,
    "max": 120.0,
    "median": 0.0
  },
  "sentiment_demand": {
    "mean": 14.410269500113431,
    "std": 17.854079042543603,
    "min": 0.0,
    "max": 100.0,
    "median": 10.0
  },
  "max_policy": {
    "mean": 19.72431506849315,
    "std": 20.978409824754188,
    "min": 0.0,
    "max": 100.0,
    "median": 33.0
  },
  "avg_policy": {
    "mean": 17.90853310502283,
    "std": 19.759965338704887,
    "min": 0.0,
    "max": 100.0,
    "median": 13.833333333333332
  },
  "supply_decayed": {
    "mean": 32.96801127561942,
    "std": 32.407842914955374,
    "min": -13.892603321439623,
    "max": 223.0498392193047,
    "median": 24.936170340153467
  },
  "demand_decayed": {
    "mean": 50.322074993770485,
    "std": 42.847393124232795,
    "min": 9.77915949830578e-06,
    "max": 267.38902834575913,
    "median": 40.50799355828019
  },
  "policy_decayed": {
    "mean": 64.80374563711335,
    "std": 48.1494293065633,
    "min": 2.9044103709968166e-05,
    "max": 321.0028838181647,
    "median": 54.87762954703415
  },
  "market_pressure": {
    "mean": 1.2695540190177894,
    "std": 6.417249167048801,
    "min": -67.0,
    "max": 100.0,
    "median": 0.0
  },
  "pressure_magnitude": {
    "mean": 9.20911661643198,
    "std": 18.85193256507937,
    "min": 0.0,
    "max": 155.0,
    "median": 2.75
  },
  "news_shock": {
    "mean": 0.9233918549916106,
    "std": 0.3046660204546536,
    "min": 0.510948905109489,
    "max": 2.616822429906542,
    "median": 0.8568443051201672
  },
  "pressure_momentum": {
    "mean": -0.0056603773584905535,
    "std": 2.9494035039960105,
    "min": -30.583333333333332,
    "max": 33.333333333333336,
    "median": 0.0
  },
  "supply_momentum": {
    "mean": -0.017152658662092608,
    "std": 8.203304228973234,
    "min": -40.0,
    "max": 40.0,
    "median": 0.0
  },
  "demand_momentum": {
    "mean": -0.034305317324185215,
    "std": 7.983010469048743,
    "min": -32.85024154589372,
    "max": 33.333333333333336,
    "median": 0.0
  }
}