{
  "sentiment_supply": {
    "mean": 16.609551382249858,
    "std": 30.32946714171131,
    "min": -120.0,
    "max": 100.0,
    "median": 3.3333333333333335
  },
  "sentiment_demand": {
    "mean": 16.215639673732372,
    "std": 24.966722037470667,
    "min": -98.55072463768116,
    "max": 100.0,
    "median": 10.0
  },
  "max_policy": {
    "mean": 37.4953488372093,
    "std": 33.30269999568715,
    "min": 0.0,
    "max": 100.0,
    "median": 33.0
  },
  "avg_policy": {
    "mean": 34.08218992248062,
    "std": 31.421865267937605,
    "min": 0.0,
    "max": 100.0,
    "median": 33.0
  },
  "supply_decayed": {
    "mean": 64.98311182891663,
    "std": 75.33418975647169,
    "min": -95.67947105414746,
    "max": 706.0997761120875,
    "median": 45.63522309982636
  },
  "demand_decayed": {
    "mean": 62.109271531238406,
    "std": 66.94067979237336,
    "min": -54.07857366214583,
    "max": 645.1698084427242,
    "median": 45.39874454117319
  },
  "policy_decayed": {
    "mean": 137.15149469277384,
    "std": 97.8954482089332,
    "min": 4.056312698917381e-23,
    "max": 629.7978283319565,
    "median": 119.73503490999991
  },
  "market_pressure": {
    "mean": -1.092475862243213,
    "std": 16.951188193217078,
    "min": -67.0,
    "max": 116.0,
    "median": 0.0
  },
  "pressure_magnitude": {
    "mean": 24.03038288313124,
    "std": 35.89597713952095,
    "min": 0.0,
    "max": 200.0,
    "median": 8.25
  },
  "news_shock": {
    "mean": 0.9266189499244893,
    "std": 0.3882112907807124,
    "min": 0.4191616766467066,
    "max": 3.3070866141732282,
    "median": 0.8045977011494253
  },
  "pressure_momentum": {
    "mean": -0.003841676367869563,
    "std": 7.788849800217044,
    "min": -42.43333333333334,
    "max": 39.21666666666667,
    "median": 0.0
  },
  "supply_momentum": {
    "mean": 0.01940240589833139,
    "std": 13.781934478254055,
    "min": -43.333333333333336,
    "max": 56.66666666666667,
    "median": 0.0
  },
  "demand_momentum": {
    "mean": 0.007760962359332598,
    "std": 11.103664445106842,
    "min": -41.11315234401579,
    "max": 33.333333333333336,
    "median": 0.0
  }
}