{
  "sentiment_supply": {
    "mean": 21.220139733439332,
    "std": 32.52928366294511,
    "min": -100.0,
    "max": 110.0,
    "median": 10.0
  },
  "sentiment_demand": {
    "mean": 18.699031949110875,
    "std": 26.558164631087116,
    "min": -98.55072463768116,
    "max": 109.76331360946746,
    "median": 10.0
  },
  "max_policy": {
    "mean": 49.42320819112628,
    "std": 33.332334456023545,
    "min": 0.0,
    "max": 100.0,
    "median": 67.0
  },
  "avg_policy": {
    "mean": 44.25224311619363,
    "std": 31.208792876361596,
    "min": 0.0,
    "max": 100.0,
    "median": 50.0
  },
  "supply_decayed": {
    "mean": 120.43010452994761,
    "std": 138.66000110250195,
    "min": -180.76192669341097,
    "max": 1332.1066148956902,
    "median": 99.71502550819918
  },
  "demand_decayed": {
    "mean": 100.14413292163306,
    "std": 114.3660431394031,
    "min": -75.56876557102647,
    "max": 1017.140584552356,
    "median": 68.87601864592335
  },
  "policy_decayed": {
    "mean": 244.172777075459,
    "std": 170.27501203863545,
    "min": 0.0,
    "max": 1148.6357971548773,
    "median": 219.03562797139642
  },
  "market_pressure": {
    "mean": -2.4904763481854824,
    "std": 19.51931066718695,
    "min": -52.98816568047337,
    "max": 100.5,
    "median": 0.0
  },
  "pressure_magnitude": {
    "mean": 32.51847055550933,
    "std": 39.32849401575253,
    "min": 0.0,
    "max": 209.76331360946745,
    "median": 19.752857142857145
  },
  "news_shock": {
    "mean": 0.9531599176571578,
    "std": 0.4480934295557739,
    "min": 0.24390243902439027,
    "max": 3.7724550898203595,
    "median": 0.89171974522293
  },
  "pressure_momentum": {
    "mean": -0.009544159544159513,
    "std": 8.937598266503565,
    "min": -33.5,
    "max": 29.480000000000004,
    "median": 0.0
  },
  "supply_momentum": {
    "mean": 0.028490028490028487,
    "std": 14.89252902954551,
    "min": -50.0,
    "max": 50.0,
    "median": 0.0
  },
  "demand_momentum": {
    "mean": 0.014245014245014237,
    "std": 11.896500462635526,
    "min": -50.0,
    "max": 36.58777120315582,
    "median": 0.0
  }
}