,HBEA_mean,HBEA_std,GDEA_mean,GDEA_std
close,30.704214055127885,11.11605991458802,35.910035291152,23.088187248402825
vwap,30.527068567419914,11.064625471501973,35.35630242929165,23.3360273811255
volume_tons,24644.083188477776,62859.36112041177,52386.613057726245,162980.75539002978
turnover_cny,682298.5581549541,1852792.4995998114,1446147.6346433077,4158838.2832221687
cum_turnover_cny,56414097.920784704,28377684.609764993,2358405328.18177,2030044198.4926033
