{
    "accuracy": 0.43243243243243246,
    "precision": 0.4279661016949153,
    "recall": 0.9853658536585366,
    "f1_score": 0.5967503692762186,
    "specificity": 0.021739130434782608,
    "sensitivity": 0.9853658536585366,
    "up_precision": 0.4279661016949153,
    "true_positives": 202,
    "true_negatives": 6,
    "false_positives": 270,
    "false_negatives": 3
}