{
  "training": {
    "lstm_baseline_accuracy": 0.4895833333333333,
    "final_accuracy": 0.6875,
    "improvement": 0.19791666666666669,
    "reversal_rate": 0.2951388888888889,
    "reversals_correct": 0.8352941176470589,
    "kept_correct": 0.625615763546798,
    "coverage": 1.0,
    "total_samples": 288,
    "reversed_count": 85,
    "precision": 0.6416184971098265,
    "recall": 0.7985611510791367,
    "f1_score": 0.7115384615384616
  },
  "validation": {
    "lstm_baseline_accuracy": 0.5104166666666666,
    "final_accuracy": 0.53125,
    "improvement": 0.02083333333333337,
    "reversal_rate": 0.25,
    "reversals_correct": 0.5416666666666666,
    "kept_correct": 0.5277777777777778,
    "coverage": 1.0,
    "total_samples": 96,
    "reversed_count": 24,
    "precision": 0.5277777777777778,
    "recall": 0.7755102040816326,
    "f1_score": 0.628099173553719
  },
  "reversal_stats": {
    "total_samples": 96,
    "reversed": 24,
    "reversal_rate": 0.25,
    "avg_error_prob": 0.537686824798584,
    "coverage": 1.0
  },
  "config": {
    "market": "HBEA",
    "frequency": "daily",
    "reversal_threshold": 0.6,
    "coverage": 1.0
  }
}