{
    "accuracy_mean": 0.51,
    "accuracy_std": 0.04203982562732047,
    "accuracy_min": 0.44285714285714284,
    "accuracy_max": 0.5571428571428572,
    "precision_mean": 0.4563568021350862,
    "precision_std": 0.15631480045156632,
    "precision_min": 0.0,
    "precision_max": 0.5611510791366906,
    "recall_mean": 0.5797447954892831,
    "recall_std": 0.3324185617342178,
    "recall_min": 0.0,
    "recall_max": 1.0,
    "f1_score_mean": 0.48075032084725383,
    "f1_score_std": 0.20725164211587846,
    "f1_score_min": 0.0,
    "f1_score_max": 0.7155963302752294,
    "specificity_mean": 0.4278899834391101,
    "specificity_std": 0.35297465711850023,
    "specificity_min": 0.0,
    "specificity_max": 1.0,
    "sensitivity_mean": 0.5797447954892831,
    "sensitivity_std": 0.3324185617342178,
    "sensitivity_min": 0.0,
    "sensitivity_max": 1.0,
    "up_precision_mean": 0.4563568021350862,
    "up_precision_std": 0.15631480045156632,
    "up_precision_min": 0.0,
    "up_precision_max": 0.5611510791366906,
    "true_positives_mean": 40.8,
    "true_positives_std": 24.894979413528343,
    "true_positives_min": 0,
    "true_positives_max": 78,
    "true_negatives_mean": 30.6,
    "true_negatives_std": 25.016794358990122,
    "true_negatives_min": 0,
    "true_negatives_max": 67,
    "false_positives_mean": 39.6,
    "false_positives_std": 23.69472515139182,
    "false_positives_min": 0,
    "false_positives_max": 76,
    "false_negatives_mean": 29.0,
    "false_negatives_std": 23.626256580338747,
    "false_negatives_min": 0,
    "false_negatives_max": 73,
    "n_walks": 10,
    "total_test_samples": 1400,
    "market": "GDEA",
    "use_sentiment": true
}