{
    "accuracy_mean": 0.4901785714285714,
    "accuracy_std": 0.047506377122939376,
    "accuracy_min": 0.4357142857142857,
    "accuracy_max": 0.5714285714285714,
    "precision_mean": 0.49428926068090784,
    "precision_std": 0.2551991469585101,
    "precision_min": 0.0,
    "precision_max": 1.0,
    "recall_mean": 0.6730400985145848,
    "recall_std": 0.4033573875813719,
    "recall_min": 0.0,
    "recall_max": 1.0,
    "f1_score_mean": 0.4806333462429163,
    "f1_score_std": 0.2720355346132127,
    "f1_score_min": 0.0,
    "f1_score_max": 0.7272727272727273,
    "specificity_mean": 0.3083608512199596,
    "specificity_std": 0.41115038341703514,
    "specificity_min": 0.0,
    "specificity_max": 1.0,
    "sensitivity_mean": 0.6730400985145848,
    "sensitivity_std": 0.4033573875813719,
    "sensitivity_min": 0.0,
    "sensitivity_max": 1.0,
    "up_precision_mean": 0.49428926068090784,
    "up_precision_std": 0.2551991469585101,
    "up_precision_min": 0.0,
    "up_precision_max": 1.0,
    "true_positives_mean": 47.75,
    "true_positives_std": 29.83182025958188,
    "true_positives_min": 0,
    "true_positives_max": 80,
    "true_negatives_mean": 20.875,
    "true_negatives_std": 27.112900527239795,
    "true_negatives_min": 0,
    "true_negatives_max": 67,
    "false_positives_mean": 47.875,
    "false_positives_std": 28.466811816569834,
    "false_positives_min": 0,
    "false_positives_max": 77,
    "false_negatives_mean": 23.5,
    "false_negatives_std": 29.841246622753548,
    "false_negatives_min": 0,
    "false_negatives_max": 73,
    "n_walks": 8,
    "total_test_samples": 1120,
    "market": "GDEA",
    "use_sentiment": true
}