{
  "test_f1": 0.42820766545191097,
  "test_f1_std": 0.1779253265681589,
  "test_accuracy": 0.5037593984962406,
  "test_accuracy_std": 0.08372577989218079,
  "test_precision": 0.4399144506287363,
  "test_precision_std": 0.21641393210713522,
  "test_recall": 0.509928761714476,
  "test_recall_std": 0.24453573524000186,
  "best_walk": 1,
  "best_f1": 0.6666666666666666,
  "n_walks": 14,
  "total_test_samples": 266,
  "true_positives": 57,
  "true_negatives": 77,
  "false_positives": 70,
  "false_negatives": 62
}