{
    "accuracy": 0.5978975032851511,
    "precision": 0.4147368421052632,
    "recall": 0.8755555555555555,
    "f1_score": 0.5628571428571428,
    "specificity": 0.48134328358208955,
    "sensitivity": 0.8755555555555555,
    "up_precision": 0.4147368421052632,
    "true_positives": 197,
    "true_negatives": 258,
    "false_positives": 278,
    "false_negatives": 28
}