{
  "reversal_threshold": 0.7,
  "reversal_stats": {
    "total_samples": 96,
    "reversed": 21,
    "reversal_rate": 0.21875,
    "avg_error_prob": 0.5643656849861145,
    "coverage": 1.0
  },
  "feature_importance": [
    0.0020852445159107447,
    0.061581265181303024,
    0.06136193871498108,
    0.05734650418162346,
    0.061723608523607254,
    0.117576003074646,
    0.07294318825006485,
    0.06178535148501396,
    0.08917739242315292,
    0.06550980359315872,
    0.06864479184150696,
    0.030415181070566177,
    0.11261381953954697,
    0.1372358798980713,
    0.0,
    0.0
  ],
  "model_type": "XGBoost"
}