{
    "accuracy": 0.6964520367936925,
    "precision": 0.48484848484848486,
    "recall": 0.4266666666666667,
    "f1_score": 0.45390070921985815,
    "specificity": 0.8097014925373134,
    "sensitivity": 0.4266666666666667,
    "up_precision": 0.48484848484848486,
    "true_positives": 96,
    "true_negatives": 434,
    "false_positives": 102,
    "false_negatives": 129
}