{
    "accuracy_mean": 0.4757142857142857,
    "accuracy_std": 0.030838618778461287,
    "accuracy_min": 0.42142857142857143,
    "accuracy_max": 0.5285714285714286,
    "precision_mean": 0.39191784816007635,
    "precision_std": 0.15249430667191835,
    "precision_min": 0.0,
    "precision_max": 0.5806451612903226,
    "recall_mean": 0.5204111169992217,
    "recall_std": 0.33506083881127807,
    "recall_min": 0.0,
    "recall_max": 0.984375,
    "f1_score_mean": 0.4119126471028432,
    "f1_score_std": 0.21176768135660098,
    "f1_score_min": 0.0,
    "f1_score_max": 0.6461538461538462,
    "specificity_mean": 0.46148238453354323,
    "specificity_std": 0.312229859666185,
    "specificity_min": 0.10526315789473684,
    "specificity_max": 1.0,
    "sensitivity_mean": 0.5204111169992217,
    "sensitivity_std": 0.33506083881127807,
    "sensitivity_min": 0.0,
    "sensitivity_max": 0.984375,
    "up_precision_mean": 0.39191784816007635,
    "up_precision_std": 0.15249430667191835,
    "up_precision_min": 0.0,
    "up_precision_max": 0.5806451612903226,
    "true_positives_mean": 33.2,
    "true_positives_std": 21.40467238712146,
    "true_positives_min": 0,
    "true_positives_max": 63,
    "true_negatives_mean": 33.4,
    "true_negatives_std": 21.813757127097567,
    "true_negatives_min": 8,
    "true_negatives_max": 74,
    "false_positives_mean": 41.0,
    "false_positives_std": 24.335159748807897,
    "false_positives_min": 0,
    "false_positives_max": 68,
    "false_negatives_mean": 32.4,
    "false_negatives_std": 24.698987833512533,
    "false_negatives_min": 1,
    "false_negatives_max": 72,
    "n_walks": 10,
    "total_test_samples": 1400,
    "market": "HBEA",
    "use_sentiment": true
}