{
    "accuracy_mean": 0.5044642857142857,
    "accuracy_std": 0.029219764592774224,
    "accuracy_min": 0.4785714285714286,
    "accuracy_max": 0.5714285714285714,
    "precision_mean": 0.4799931878648762,
    "precision_std": 0.08988428647038033,
    "precision_min": 0.29411764705882354,
    "precision_max": 0.647887323943662,
    "recall_mean": 0.7464759034595088,
    "recall_std": 0.2189861890923033,
    "recall_min": 0.32608695652173914,
    "recall_max": 1.0,
    "f1_score_mean": 0.57215575373158,
    "f1_score_std": 0.10534632308175627,
    "f1_score_min": 0.30927835051546393,
    "f1_score_max": 0.6473429951690821,
    "specificity_mean": 0.2670728091940195,
    "specificity_std": 0.23252173028646506,
    "specificity_min": 0.0,
    "specificity_max": 0.6170212765957447,
    "sensitivity_mean": 0.7464759034595088,
    "sensitivity_std": 0.2189861890923033,
    "sensitivity_min": 0.32608695652173914,
    "sensitivity_max": 1.0,
    "up_precision_mean": 0.4799931878648762,
    "up_precision_std": 0.08988428647038033,
    "up_precision_min": 0.29411764705882354,
    "up_precision_max": 0.647887323943662,
    "true_positives_mean": 50.375,
    "true_positives_std": 16.316690074889575,
    "true_positives_min": 15,
    "true_positives_max": 67,
    "true_negatives_mean": 20.25,
    "true_negatives_std": 18.89940475253123,
    "true_negatives_min": 0,
    "true_negatives_max": 58,
    "false_positives_mean": 53.375,
    "false_positives_std": 16.362590717853944,
    "false_positives_min": 25,
    "false_positives_max": 73,
    "false_negatives_mean": 16.0,
    "false_negatives_std": 12.62933094031509,
    "false_negatives_min": 0,
    "false_negatives_max": 35,
    "n_walks": 8,
    "total_test_samples": 1120,
    "market": "HBEA",
    "use_sentiment": true
}