{
    "BuyAndHold": {
        "CumReturn": -0.3908009699999998,
        "AnnualReturn": -0.031000439145443814,
        "AnnualVol": 0.5898200591321133,
        "SharpeRatio": 0.21631212327111318
    },
    "SMA20": {
        "CumReturn": -0.8366808000000008,
        "AnnualReturn": -0.10875662403018738,
        "AnnualVol": 0.4099787998971388,
        "SharpeRatio": -0.21406434459109056
    },
    "RSI143070": {
        "CumReturn": 0.5312958699999997,
        "AnnualReturn": 0.027445212221477444,
        "AnnualVol": 0.3991510671734672,
        "SharpeRatio": 0.30252874022578763
    }
}