{
    "BuyAndHold": {
        "CumReturn": -0.3908009699999998,
        "AnnualReturn": -0.031000439145443814,
        "AnnualVol": 0.48295262156278657,
        "SharpeRatio": 0.1776305788184707
    },
    "SMA20": {
        "CumReturn": -0.8324310899999993,
        "AnnualReturn": -0.10730072707801708,
        "AnnualVol": 0.33202401880358867,
        "SharpeRatio": -0.17393597177852485
    },
    "RSI143070": {
        "CumReturn": 0.3979689300000002,
        "AnnualReturn": 0.021515417161664052,
        "AnnualVol": 0.35081907993532707,
        "SharpeRatio": 0.23665351204516408
    }
}