{
    "BuyAndHold": {
        "CumReturn": 0.6779873000000001,
        "AnnualReturn": 0.03292842693494058,
        "AnnualVol": 0.3545358127360727,
        "SharpeRatio": 0.26886349540375265
    },
    "SMA20": {
        "CumReturn": 0.7889037299999995,
        "AnnualReturn": 0.03707511349956816,
        "AnnualVol": 0.24478323150411685,
        "SharpeRatio": 0.2719725802436239
    },
    "RSI143070": {
        "CumReturn": 0.3785503800000001,
        "AnnualReturn": 0.020297685802365573,
        "AnnualVol": 0.2324091298067297,
        "SharpeRatio": 0.20210183107188007
    }
}