{
    "BuyAndHold": {
        "CumReturn": 0.6779873000000001,
        "AnnualReturn": 0.03292842693494058,
        "AnnualVol": 0.4346706869856857,
        "SharpeRatio": 0.32968166581743635
    },
    "SMA20": {
        "CumReturn": 0.6659330300000013,
        "AnnualReturn": 0.0324623947830569,
        "AnnualVol": 0.30408118853695915,
        "SharpeRatio": 0.3111939131880327
    },
    "RSI143070": {
        "CumReturn": 0.3891951599999999,
        "AnnualReturn": 0.02078904704055584,
        "AnnualVol": 0.3026668576931822,
        "SharpeRatio": 0.2531057491538608
    }
}