{
  "reversal_threshold": 0.6499999999999999,
  "reversal_stats": {
    "total_samples": 53,
    "reversed": 14,
    "reversal_rate": 0.2641509433962264,
    "avg_error_prob": 0.6119921207427979,
    "coverage": 1.0
  },
  "feature_importance": [
    0.07173337787389755,
    0.06379910558462143,
    0.06980165094137192,
    0.07955629378557205,
    0.1265663057565689,
    0.06678880006074905,
    0.09584217518568039,
    0.0554511696100235,
    0.08826781809329987,
    0.0,
    0.10335034877061844,
    0.0,
    0.07855186611413956,
    0.08461631089448929,
    0.015674814581871033,
    0.0
  ],
  "model_type": "XGBoost"
}