{
  "reversal_threshold": 0.75,
  "reversal_stats": {
    "total_samples": 53,
    "reversed": 1,
    "reversal_rate": 0.018867924528301886,
    "avg_error_prob": 0.5491313338279724,
    "coverage": 1.0
  },
  "feature_importance": [
    0.061603035777807236,
    0.1220233142375946,
    0.10395888984203339,
    0.11142288148403168,
    0.0,
    0.12880438566207886,
    0.1380935162305832,
    0.09346945583820343,
    0.12096218764781952,
    0.0,
    0.0,
    0.0,
    0.0,
    0.05790822207927704,
    0.06175411865115166,
    0.0
  ],
  "model_type": "XGBoost"
}