{
  "training": {
    "lstm_baseline_accuracy": 0.5031446540880503,
    "final_accuracy": 0.6477987421383647,
    "improvement": 0.14465408805031443,
    "reversal_rate": 0.1949685534591195,
    "reversals_correct": 0.8709677419354839,
    "kept_correct": 0.59375,
    "coverage": 1.0,
    "total_samples": 159,
    "reversed_count": 31,
    "precision": 0.640625,
    "recall": 0.5540540540540541,
    "f1_score": 0.5942028985507247
  },
  "validation": {
    "lstm_baseline_accuracy": 0.5471698113207547,
    "final_accuracy": 0.5471698113207547,
    "improvement": 0.0,
    "reversal_rate": 0.2641509433962264,
    "reversals_correct": 0.5,
    "kept_correct": 0.5641025641025641,
    "coverage": 1.0,
    "total_samples": 53,
    "reversed_count": 14,
    "precision": 0.3333333333333333,
    "recall": 0.4117647058823529,
    "f1_score": 0.36842105263157887
  },
  "reversal_stats": {
    "total_samples": 53,
    "reversed": 14,
    "reversal_rate": 0.2641509433962264,
    "avg_error_prob": 0.6119921207427979,
    "coverage": 1.0
  },
  "config": {
    "market": "HBEA",
    "frequency": "weekly",
    "reversal_threshold": 0.6499999999999999,
    "coverage": 1.0
  }
}