{
  "training": {
    "lstm_baseline_accuracy": 0.46540880503144655,
    "final_accuracy": 0.5471698113207547,
    "improvement": 0.08176100628930816,
    "reversal_rate": 0.08176100628930817,
    "reversals_correct": 1.0,
    "kept_correct": 0.5068493150684932,
    "coverage": 1.0,
    "total_samples": 159,
    "reversed_count": 13,
    "precision": 0.5125,
    "recall": 0.5540540540540541,
    "f1_score": 0.5324675324675324
  },
  "validation": {
    "lstm_baseline_accuracy": 0.6226415094339622,
    "final_accuracy": 0.6037735849056604,
    "improvement": -0.018867924528301883,
    "reversal_rate": 0.018867924528301886,
    "reversals_correct": 0.0,
    "kept_correct": 0.6153846153846154,
    "coverage": 1.0,
    "total_samples": 53,
    "reversed_count": 1,
    "precision": 0.375,
    "recall": 0.35294117647058826,
    "f1_score": 0.3636363636363636
  },
  "reversal_stats": {
    "total_samples": 53,
    "reversed": 1,
    "reversal_rate": 0.018867924528301886,
    "avg_error_prob": 0.5491313338279724,
    "coverage": 1.0
  },
  "config": {
    "market": "HBEA",
    "frequency": "weekly",
    "reversal_threshold": 0.75,
    "coverage": 1.0
  }
}