{
  "reversal_threshold": 0.6,
  "reversal_stats": {
    "total_samples": 224,
    "reversed": 45,
    "reversal_rate": 0.20089285714285715,
    "avg_error_prob": 0.48828110098838806,
    "coverage": 1.0
  },
  "feature_importance": [
    0.0394916832447052,
    0.0752359926700592,
    0.08018231391906738,
    0.0955689400434494,
    0.08779455721378326,
    0.07368947565555573,
    0.08732478320598602,
    0.07600688934326172,
    0.08754076063632965,
    0.07286348938941956,
    0.07077467441558838,
    0.0,
    0.078011155128479,
    0.046852562576532364,
    0.028662754222750664,
    0.0
  ],
  "model_type": "XGBoost"
}