{
  "reversal_threshold": 0.6499999999999999,
  "reversal_stats": {
    "total_samples": 224,
    "reversed": 13,
    "reversal_rate": 0.05803571428571429,
    "avg_error_prob": 0.5735984444618225,
    "coverage": 1.0
  },
  "feature_importance": [
    0.09757189452648163,
    0.09282547235488892,
    0.08745584636926651,
    0.09050969779491425,
    0.08958408236503601,
    0.08210794627666473,
    0.08903360366821289,
    0.09593972563743591,
    0.07499200850725174,
    0.056404560804367065,
    0.08048102259635925,
    0.0,
    0.04936513677239418,
    0.0,
    0.013729003258049488,
    0.0
  ],
  "model_type": "XGBoost"
}