{
  "training": {
    "lstm_baseline_accuracy": 0.5059523809523809,
    "final_accuracy": 0.5863095238095238,
    "improvement": 0.0803571428571429,
    "reversal_rate": 0.11904761904761904,
    "reversals_correct": 0.8375,
    "kept_correct": 0.5523648648648649,
    "coverage": 1.0,
    "total_samples": 672,
    "reversed_count": 80,
    "precision": 0.5738831615120275,
    "recall": 0.5202492211838006,
    "f1_score": 0.545751633986928
  },
  "validation": {
    "lstm_baseline_accuracy": 0.4955357142857143,
    "final_accuracy": 0.49107142857142855,
    "improvement": -0.004464285714285754,
    "reversal_rate": 0.05803571428571429,
    "reversals_correct": 0.46153846153846156,
    "kept_correct": 0.4928909952606635,
    "coverage": 1.0,
    "total_samples": 224,
    "reversed_count": 13,
    "precision": 0.4375,
    "recall": 0.2641509433962264,
    "f1_score": 0.3294117647058824
  },
  "reversal_stats": {
    "total_samples": 224,
    "reversed": 13,
    "reversal_rate": 0.05803571428571429,
    "avg_error_prob": 0.5735984444618225,
    "coverage": 1.0
  },
  "config": {
    "market": "HBEA",
    "frequency": "daily",
    "reversal_threshold": 0.6499999999999999,
    "coverage": 1.0
  }
}