{
  "reversal_threshold": 0.6,
  "reversal_stats": {
    "total_samples": 96,
    "reversed": 24,
    "reversal_rate": 0.25,
    "avg_error_prob": 0.537686824798584,
    "coverage": 1.0
  },
  "feature_importance": [
    0.03626486659049988,
    0.06701169908046722,
    0.06969257444143295,
    0.07927409559488297,
    0.08845187723636627,
    0.10770963877439499,
    0.0811322033405304,
    0.08282200992107391,
    0.09027601778507233,
    0.08635932207107544,
    0.07784857600927353,
    0.0,
    0.04483989626169205,
    0.08831720054149628,
    0.0,
    0.0
  ],
  "model_type": "XGBoost"
}