{
  "reversal_threshold": 0.75,
  "reversal_stats": {
    "total_samples": 53,
    "reversed": 4,
    "reversal_rate": 0.07547169811320754,
    "avg_error_prob": 0.5180217623710632,
    "coverage": 1.0
  },
  "feature_importance": [
    0.06783878058195114,
    0.07161108404397964,
    0.07912036776542664,
    0.06670421361923218,
    0.07768773287534714,
    0.09471742063760757,
    0.06967395544052124,
    0.07537473738193512,
    0.07440899312496185,
    0.0687636211514473,
    0.07385443896055222,
    0.03047259710729122,
    0.05838903784751892,
    0.09138298779726028,
    0.0,
    0.0
  ],
  "model_type": "XGBoost"
}