{
  "reversal_threshold": 0.5,
  "reversal_stats": {
    "total_samples": 53,
    "reversed": 14,
    "reversal_rate": 0.2641509433962264,
    "avg_error_prob": 0.4180283844470978,
    "coverage": 1.0
  },
  "feature_importance": [
    0.08687752485275269,
    0.06742344051599503,
    0.054096873849630356,
    0.047911446541547775,
    0.08872489631175995,
    0.10127633810043335,
    0.07920007407665253,
    0.06968588382005692,
    0.0666649341583252,
    0.05495571345090866,
    0.0691831037402153,
    0.10418425500392914,
    0.06763967871665955,
    0.04217590019106865,
    0.0,
    0.0
  ],
  "model_type": "XGBoost"
}