{
  "training": {
    "lstm_baseline_accuracy": 0.559748427672956,
    "final_accuracy": 0.8050314465408805,
    "improvement": 0.24528301886792458,
    "reversal_rate": 0.44654088050314467,
    "reversals_correct": 0.7746478873239436,
    "kept_correct": 0.8295454545454546,
    "coverage": 1.0,
    "total_samples": 159,
    "reversed_count": 71,
    "precision": 0.7884615384615384,
    "recall": 0.9010989010989011,
    "f1_score": 0.841025641025641
  },
  "validation": {
    "lstm_baseline_accuracy": 0.4528301886792453,
    "final_accuracy": 0.5660377358490566,
    "improvement": 0.1132075471698113,
    "reversal_rate": 0.2641509433962264,
    "reversals_correct": 0.7142857142857143,
    "kept_correct": 0.5128205128205128,
    "coverage": 1.0,
    "total_samples": 53,
    "reversed_count": 14,
    "precision": 0.5483870967741935,
    "recall": 0.6538461538461539,
    "f1_score": 0.5964912280701755
  },
  "reversal_stats": {
    "total_samples": 53,
    "reversed": 14,
    "reversal_rate": 0.2641509433962264,
    "avg_error_prob": 0.4180283844470978,
    "coverage": 1.0
  },
  "config": {
    "market": "GDEA",
    "frequency": "weekly",
    "reversal_threshold": 0.5,
    "coverage": 1.0
  }
}