{
  "training": {
    "lstm_baseline_accuracy": 0.5220125786163522,
    "final_accuracy": 0.6352201257861635,
    "improvement": 0.1132075471698113,
    "reversal_rate": 0.11320754716981132,
    "reversals_correct": 1.0,
    "kept_correct": 0.5886524822695035,
    "coverage": 1.0,
    "total_samples": 159,
    "reversed_count": 18,
    "precision": 0.6571428571428571,
    "recall": 0.7582417582417582,
    "f1_score": 0.7040816326530612
  },
  "validation": {
    "lstm_baseline_accuracy": 0.4716981132075472,
    "final_accuracy": 0.5094339622641509,
    "improvement": 0.037735849056603765,
    "reversal_rate": 0.07547169811320754,
    "reversals_correct": 0.75,
    "kept_correct": 0.4897959183673469,
    "coverage": 1.0,
    "total_samples": 53,
    "reversed_count": 4,
    "precision": 0.5,
    "recall": 0.7692307692307693,
    "f1_score": 0.6060606060606061
  },
  "reversal_stats": {
    "total_samples": 53,
    "reversed": 4,
    "reversal_rate": 0.07547169811320754,
    "avg_error_prob": 0.5180217623710632,
    "coverage": 1.0
  },
  "config": {
    "market": "GDEA",
    "frequency": "weekly",
    "reversal_threshold": 0.75,
    "coverage": 1.0
  }
}