{
    "accuracy": 0.6399474375821288,
    "precision": 0.45454545454545453,
    "recall": 0.7563025210084033,
    "f1_score": 0.5678233438485805,
    "specificity": 0.5869980879541109,
    "sensitivity": 0.7563025210084033,
    "up_precision": 0.45454545454545453,
    "true_positives": 180,
    "true_negatives": 307,
    "false_positives": 216,
    "false_negatives": 58
}