{
    "accuracy": 0.7003942181340341,
    "precision": 0.5403225806451613,
    "recall": 0.2815126050420168,
    "f1_score": 0.3701657458563536,
    "specificity": 0.8910133843212237,
    "sensitivity": 0.2815126050420168,
    "up_precision": 0.5403225806451613,
    "true_positives": 67,
    "true_negatives": 466,
    "false_positives": 57,
    "false_negatives": 171
}