{
  "test_f1": 0.48100668574640154,
  "test_f1_std": 0.2489475245668046,
  "test_accuracy": 0.5187969924812029,
  "test_accuracy_std": 0.09917974404716481,
  "test_precision": 0.4782977934763649,
  "test_precision_std": 0.22426341114078782,
  "test_recall": 0.509703391846249,
  "test_recall_std": 0.3001761320734163,
  "best_walk": 8,
  "best_f1": 0.7857142857142857,
  "n_walks": 14,
  "total_test_samples": 266,
  "true_positives": 78,
  "true_negatives": 60,
  "false_positives": 63,
  "false_negatives": 65
}