{
    "accuracy_mean": 0.46964285714285714,
    "accuracy_std": 0.04457137133695959,
    "accuracy_min": 0.42142857142857143,
    "accuracy_max": 0.5428571428571428,
    "precision_mean": 0.3952937158469946,
    "precision_std": 0.16168904759392488,
    "precision_min": 0.0,
    "precision_max": 0.5,
    "recall_mean": 0.5366371272699587,
    "recall_std": 0.3551911845634517,
    "recall_min": 0.0,
    "recall_max": 1.0,
    "f1_score_mean": 0.4112188097171026,
    "f1_score_std": 0.22604488363379577,
    "f1_score_min": 0.0,
    "f1_score_max": 0.6602870813397129,
    "specificity_mean": 0.4465683492538639,
    "specificity_std": 0.35157361932631076,
    "specificity_min": 0.0,
    "specificity_max": 1.0,
    "sensitivity_mean": 0.5366371272699587,
    "sensitivity_std": 0.3551911845634517,
    "sensitivity_min": 0.0,
    "sensitivity_max": 1.0,
    "up_precision_mean": 0.3952937158469946,
    "up_precision_std": 0.16168904759392488,
    "up_precision_min": 0.0,
    "up_precision_max": 0.5,
    "true_positives_mean": 34.25,
    "true_positives_std": 23.3866949353687,
    "true_positives_min": 0,
    "true_positives_max": 69,
    "true_negatives_mean": 31.5,
    "true_negatives_std": 23.18404623873926,
    "true_negatives_min": 0,
    "true_negatives_max": 69,
    "false_positives_mean": 42.125,
    "false_positives_std": 27.029786810110064,
    "false_positives_min": 0,
    "false_positives_max": 78,
    "false_negatives_mean": 32.125,
    "false_negatives_std": 27.39725123073481,
    "false_negatives_min": 0,
    "false_negatives_max": 81,
    "n_walks": 8,
    "total_test_samples": 1120,
    "market": "HBEA",
    "use_sentiment": false
}