{
    "accuracy_mean": 0.4839285714285714,
    "accuracy_std": 0.050853681663921936,
    "accuracy_min": 0.42142857142857143,
    "accuracy_max": 0.5642857142857143,
    "precision_mean": 0.3813522893086438,
    "precision_std": 0.16441083575554805,
    "precision_min": 0.0,
    "precision_max": 0.5137614678899083,
    "recall_mean": 0.5239081406889259,
    "recall_std": 0.3580912380606069,
    "recall_min": 0.0,
    "recall_max": 1.0,
    "f1_score_mean": 0.4199305890703975,
    "f1_score_std": 0.21846688621996097,
    "f1_score_min": 0.0,
    "f1_score_max": 0.6473429951690821,
    "specificity_mean": 0.4556820656506151,
    "specificity_std": 0.33478872099412255,
    "specificity_min": 0.0,
    "specificity_max": 1.0,
    "sensitivity_mean": 0.5239081406889259,
    "sensitivity_std": 0.3580912380606069,
    "sensitivity_min": 0.0,
    "sensitivity_max": 1.0,
    "up_precision_mean": 0.3813522893086438,
    "up_precision_std": 0.16441083575554805,
    "up_precision_min": 0.0,
    "up_precision_max": 0.5137614678899083,
    "true_positives_mean": 34.5,
    "true_positives_std": 23.732888572611635,
    "true_positives_min": 0,
    "true_positives_max": 67,
    "true_negatives_mean": 33.25,
    "true_negatives_std": 24.823124299733102,
    "true_negatives_min": 0,
    "true_negatives_max": 72,
    "false_positives_mean": 40.375,
    "false_positives_std": 24.702922397967413,
    "false_positives_min": 0,
    "false_positives_max": 78,
    "false_negatives_mean": 31.875,
    "false_negatives_std": 25.721768504517726,
    "false_negatives_min": 0,
    "false_negatives_max": 81,
    "n_walks": 8,
    "total_test_samples": 1120,
    "market": "HBEA",
    "use_sentiment": false
}