{
  "test_f1": 0.48224755714251516,
  "test_f1_std": 0.2622066189917739,
  "test_accuracy": 0.4924812030075187,
  "test_accuracy_std": 0.09867973495042623,
  "test_precision": 0.430296723952739,
  "test_precision_std": 0.23121969608918336,
  "test_recall": 0.5966117216117215,
  "test_recall_std": 0.33927800261141544,
  "best_walk": 8,
  "best_f1": 0.7857142857142857,
  "n_walks": 14,
  "total_test_samples": 266,
  "true_positives": 86,
  "true_negatives": 45,
  "false_positives": 78,
  "false_negatives": 57
}