{
    "accuracy": 0.6294349540078844,
    "precision": 0.37554585152838427,
    "recall": 0.38222222222222224,
    "f1_score": 0.3788546255506608,
    "specificity": 0.7332089552238806,
    "sensitivity": 0.38222222222222224,
    "up_precision": 0.37554585152838427,
    "true_positives": 86,
    "true_negatives": 393,
    "false_positives": 143,
    "false_negatives": 139
}