{
  "accuracy": 0.45918367346938777,
  "precision": 0.43333333333333335,
  "recall": 0.9512195121951219,
  "f1_score": 0.5954198473282443,
  "true_positives": 39,
  "true_negatives": 6,
  "false_positives": 51,
  "false_negatives": 2,
  "best_val_accuracy": 0.6091954022988506,
  "final_epoch": 30,
  "config": {
    "market": "GDEA",
    "use_sentiment": false,
    "sequence_length": 12,
    "batch_size": 16,
    "learning_rate": 0.001,
    "hidden_size": 64,
    "num_layers": 2,
    "input_features": 49
  }
}