{
  "run_date": "2025-08-11T11:04:28.779185",
  "test_mode": false,
  "documents_processed": 1409,
  "batch_size": 20,
  "max_parallel_groups": 100,
  "num_groups": 71,
  "group_processing_time_seconds": 244.75483798980713,
  "merge_time_seconds": 84.0430269241333,
  "total_time_seconds": 328.8120651245117,
  "avg_time_per_doc": 0.23335547545347085,
  "anchor_status": {
    "filled": 12,
    "total": 12
  },
  "total_comparisons": 326
}