{
  "reversal_threshold": 0.6,
  "reversal_stats": {
    "total_samples": 224,
    "reversed": 48,
    "reversal_rate": 0.21428571428571427,
    "avg_error_prob": 0.5551069378852844,
    "coverage": 1.0
  },
  "feature_importance": [
    0.04519951716065407,
    0.06669078767299652,
    0.0674174353480339,
    0.06391055136919022,
    0.06936118006706238,
    0.08350209146738052,
    0.07868597656488419,
    0.0723915845155716,
    0.06908179819583893,
    0.06792139261960983,
    0.08336522430181503,
    0.044230662286281586,
    0.09526173025369644,
    0.09298006445169449,
    0.0,
    0.0
  ],
  "model_type": "XGBoost"
}