{
  "reversal_threshold": 0.5,
  "reversal_stats": {
    "total_samples": 224,
    "reversed": 60,
    "reversal_rate": 0.26785714285714285,
    "avg_error_prob": 0.4798476994037628,
    "coverage": 1.0
  },
  "feature_importance": [
    0.04605012387037277,
    0.07858438044786453,
    0.0703715905547142,
    0.06989362835884094,
    0.03349040076136589,
    0.06854070723056793,
    0.09444719552993774,
    0.09632055461406708,
    0.08182045072317123,
    0.05750272423028946,
    0.08449538052082062,
    0.0,
    0.09838448464870453,
    0.03641101345419884,
    0.08368739485740662,
    0.0
  ],
  "model_type": "XGBoost"
}