{
  "training": {
    "lstm_baseline_accuracy": 0.4791666666666667,
    "final_accuracy": 0.6428571428571429,
    "improvement": 0.16369047619047622,
    "reversal_rate": 0.35119047619047616,
    "reversals_correct": 0.7330508474576272,
    "kept_correct": 0.5940366972477065,
    "coverage": 1.0,
    "total_samples": 672,
    "reversed_count": 236,
    "precision": 0.6490384615384616,
    "recall": 0.7417582417582418,
    "f1_score": 0.6923076923076923
  },
  "validation": {
    "lstm_baseline_accuracy": 0.45535714285714285,
    "final_accuracy": 0.49107142857142855,
    "improvement": 0.0357142857142857,
    "reversal_rate": 0.21428571428571427,
    "reversals_correct": 0.5833333333333334,
    "kept_correct": 0.4659090909090909,
    "coverage": 1.0,
    "total_samples": 224,
    "reversed_count": 48,
    "precision": 0.453551912568306,
    "recall": 0.8556701030927835,
    "f1_score": 0.5928571428571429
  },
  "reversal_stats": {
    "total_samples": 224,
    "reversed": 48,
    "reversal_rate": 0.21428571428571427,
    "avg_error_prob": 0.5551069378852844,
    "coverage": 1.0
  },
  "config": {
    "market": "GDEA",
    "frequency": "daily",
    "reversal_threshold": 0.6,
    "coverage": 1.0
  }
}