{
  "training": {
    "lstm_baseline_accuracy": 0.5089285714285714,
    "final_accuracy": 0.6413690476190477,
    "improvement": 0.13244047619047628,
    "reversal_rate": 0.6175595238095238,
    "reversals_correct": 0.6072289156626506,
    "kept_correct": 0.6964980544747081,
    "coverage": 1.0,
    "total_samples": 672,
    "reversed_count": 415,
    "precision": 0.642691415313225,
    "recall": 0.760989010989011,
    "f1_score": 0.6968553459119496
  },
  "validation": {
    "lstm_baseline_accuracy": 0.4330357142857143,
    "final_accuracy": 0.5044642857142857,
    "improvement": 0.0714285714285714,
    "reversal_rate": 0.26785714285714285,
    "reversals_correct": 0.6333333333333333,
    "kept_correct": 0.4573170731707317,
    "coverage": 1.0,
    "total_samples": 224,
    "reversed_count": 60,
    "precision": 0.4573170731707317,
    "recall": 0.7731958762886598,
    "f1_score": 0.5747126436781609
  },
  "reversal_stats": {
    "total_samples": 224,
    "reversed": 60,
    "reversal_rate": 0.26785714285714285,
    "avg_error_prob": 0.4798476994037628,
    "coverage": 1.0
  },
  "config": {
    "market": "GDEA",
    "frequency": "daily",
    "reversal_threshold": 0.5,
    "coverage": 1.0
  }
}