{
  "supply": {
    "mean": 14.18851087562744,
    "std": 27.075088660280848,
    "min": -120.0,
    "max": 120.0,
    "q25": 0.0,
    "q50": 0.0,
    "q75": 20.0,
    "histogram": {
      "(-24.0, 0.0]": 893,
      "(0.0, 24.0]": 476,
      "(48.0, 72.0]": 173,
      "(24.0, 48.0]": 86,
      "(72.0, 96.0]": 82,
      "(96.0, 120.0]": 45,
      "(-72.0, -48.0]": 28,
      "(-120.241, -96.0]": 4,
      "(-48.0, -24.0]": 4,
      "(-96.0, -72.0]": 2
    }
  },
  "demand": {
    "mean": 15.470719464584496,
    "std": 23.205226579572834,
    "min": -100.0,
    "max": 100.0,
    "q25": 0.0,
    "q50": 10.0,
    "q75": 20.0,
    "histogram": {
      "(-20.0, 0.0]": 783,
      "(0.0, 20.0]": 562,
      "(20.0, 40.0]": 205,
      "(40.0, 60.0]": 134,
      "(60.0, 80.0]": 48,
      "(80.0, 100.0]": 42,
      "(-60.0, -40.0]": 11,
      "(-40.0, -20.0]": 6,
      "(-100.20100000000001, -80.0]": 1,
      "(-80.0, -60.0]": 1
    }
  },
  "policy_strength": {
    "mean": 28.81483547127719,
    "std": 29.687645914833723,
    "min": 0.0,
    "max": 100.0,
    "q25": 0.0,
    "q50": 33.0,
    "q75": 33.0,
    "histogram": {
      "(-0.101, 10.0]": 780,
      "(30.0, 40.0]": 533,
      "(60.0, 70.0]": 348,
      "(90.0, 100.0]": 86,
      "(10.0, 20.0]": 34,
      "(40.0, 50.0]": 8,
      "(80.0, 90.0]": 3,
      "(70.0, 80.0]": 1,
      "(20.0, 30.0]": 0,
      "(50.0, 60.0]": 0
    }
  }
}