{
  "supply": {
    "mean": 22.953620829943045,
    "std": 34.91588725388211,
    "min": -100.0,
    "max": 120.0,
    "q25": 0.0,
    "q50": 10.0,
    "q75": 50.0,
    "histogram": {
      "(-12.0, 10.0]": 584,
      "(32.0, 54.0]": 279,
      "(10.0, 32.0]": 144,
      "(54.0, 76.0]": 88,
      "(98.0, 120.0]": 60,
      "(-56.0, -34.0]": 45,
      "(76.0, 98.0]": 10,
      "(-34.0, -12.0]": 7,
      "(-100.221, -78.0]": 6,
      "(-78.0, -56.0]": 6
    }
  },
  "demand": {
    "mean": 18.322213181448333,
    "std": 27.724159015981503,
    "min": -100.0,
    "max": 150.0,
    "q25": 0.0,
    "q50": 10.0,
    "q75": 30.0,
    "histogram": {
      "(-25.0, 0.0]": 452,
      "(0.0, 25.0]": 422,
      "(25.0, 50.0]": 232,
      "(75.0, 100.0]": 52,
      "(50.0, 75.0]": 43,
      "(-75.0, -50.0]": 19,
      "(-50.0, -25.0]": 6,
      "(-100.251, -75.0]": 1,
      "(100.0, 125.0]": 1,
      "(125.0, 150.0]": 1
    }
  },
  "policy_strength": {
    "mean": 47.205858421480876,
    "std": 32.01336902404753,
    "min": 0.0,
    "max": 100.0,
    "q25": 15.0,
    "q50": 67.0,
    "q75": 67.0,
    "histogram": {
      "(60.0, 70.0]": 570,
      "(-0.101, 10.0]": 305,
      "(30.0, 40.0]": 218,
      "(90.0, 100.0]": 118,
      "(10.0, 20.0]": 14,
      "(40.0, 50.0]": 3,
      "(80.0, 90.0]": 1,
      "(20.0, 30.0]": 0,
      "(50.0, 60.0]": 0,
      "(70.0, 80.0]": 0
    }
  }
}