{
  "supply": {
    "mean": 4.819342758884218,
    "std": 10.17601303234899,
    "min": -42.5,
    "max": 59.62,
    "q25": 1.47,
    "q50": 3.57,
    "q75": 7.14,
    "histogram": {
      "(-1.652, 8.56]": 1487,
      "(8.56, 18.772]": 403,
      "(-11.864, -1.652]": 348,
      "(18.772, 28.984]": 184,
      "(-22.076, -11.864]": 129,
      "(28.984, 39.196]": 33,
      "(-32.288, -22.076]": 14,
      "(39.196, 49.408]": 8,
      "(-42.602999999999994, -32.288]": 6,
      "(49.408, 59.62]": 5
    }
  },
  "demand": {
    "mean": 7.682147497134123,
    "std": 11.138690012192436,
    "min": -42.5,
    "max": 58.0,
    "q25": 2.27,
    "q50": 6.52,
    "q75": 15.22,
    "histogram": {
      "(-2.3, 7.75]": 1124,
      "(7.75, 17.8]": 726,
      "(17.8, 27.85]": 315,
      "(-12.35, -2.3]": 235,
      "(-22.4, -12.35]": 97,
      "(27.85, 37.9]": 85,
      "(-32.45, -22.4]": 13,
      "(37.9, 47.95]": 12,
      "(-42.601, -32.45]": 8,
      "(47.95, 58.0]": 2
    }
  },
  "policy_strength": {
    "mean": 43.622609858616734,
    "std": 14.352292644625924,
    "min": 0.0,
    "max": 74.71,
    "q25": 35.25,
    "q50": 43.69,
    "q75": 55.13,
    "histogram": {
      "(52.297, 59.768]": 693,
      "(29.884, 37.355]": 550,
      "(37.355, 44.826]": 451,
      "(44.826, 52.297]": 301,
      "(59.768, 67.239]": 245,
      "(22.413, 29.884]": 242,
      "(-0.0757, 7.471]": 102,
      "(67.239, 74.71]": 21,
      "(14.942, 22.413]": 9,
      "(7.471, 14.942]": 3
    }
  },
  "confidence": {
    "mean": 42.28964463125716,
    "std": 19.485316056146367,
    "min": 0.0,
    "max": 85.0,
    "q25": 30.0,
    "q50": 40.0,
    "q75": 60.0,
    "histogram": {
      "(34.0, 42.5]": 556,
      "(59.5, 68.0]": 369,
      "(25.5, 34.0]": 339,
      "(42.5, 51.0]": 326,
      "(17.0, 25.5]": 320,
      "(68.0, 76.5]": 267,
      "(51.0, 59.5]": 158,
      "(8.5, 17.0]": 140,
      "(-0.08600000000000001, 8.5]": 107,
      "(76.5, 85.0]": 35
    }
  }
}