{
  "accuracy": 0.5306122448979592,
  "precision": 0.4772727272727273,
  "recall": 0.4772727272727273,
  "f1_score": 0.4772727272727273,
  "true_positives": 21,
  "true_negatives": 31,
  "false_positives": 23,
  "false_negatives": 23,
  "best_val_accuracy": 0.5862068965517241,
  "final_epoch": 42,
  "config": {
    "market": "HBEA",
    "use_sentiment": false,
    "sequence_length": 12,
    "batch_size": 16,
    "learning_rate": 0.001,
    "hidden_size": 128,
    "num_layers": 2,
    "input_features": 49
  }
}