{
    "accuracy_mean": 0.4848214285714286,
    "accuracy_std": 0.04409485080309196,
    "accuracy_min": 0.42857142857142855,
    "accuracy_max": 0.5571428571428572,
    "precision_mean": 0.4262048695706654,
    "precision_std": 0.1729614559260589,
    "precision_min": 0.0,
    "precision_max": 0.5876288659793815,
    "recall_mean": 0.5859891414625058,
    "recall_std": 0.32023240205944825,
    "recall_min": 0.0,
    "recall_max": 1.0,
    "f1_score_mean": 0.473802655227817,
    "f1_score_std": 0.2240379629107337,
    "f1_score_min": 0.0,
    "f1_score_max": 0.6477272727272727,
    "specificity_mean": 0.39967316750230514,
    "specificity_std": 0.30032525058389253,
    "specificity_min": 0.0,
    "specificity_max": 1.0,
    "sensitivity_mean": 0.5859891414625058,
    "sensitivity_std": 0.32023240205944825,
    "sensitivity_min": 0.0,
    "sensitivity_max": 1.0,
    "up_precision_mean": 0.4262048695706654,
    "up_precision_std": 0.1729614559260589,
    "up_precision_min": 0.0,
    "up_precision_max": 0.5876288659793815,
    "true_positives_mean": 41.125,
    "true_positives_std": 22.211694554896077,
    "true_positives_min": 0,
    "true_positives_max": 63,
    "true_negatives_mean": 26.75,
    "true_negatives_std": 19.866743568083823,
    "true_negatives_min": 0,
    "true_negatives_max": 67,
    "false_positives_mean": 42.0,
    "false_positives_std": 22.693611435820433,
    "false_positives_min": 0,
    "false_positives_max": 77,
    "false_negatives_mean": 30.125,
    "false_negatives_std": 23.719388166645444,
    "false_negatives_min": 0,
    "false_negatives_max": 73,
    "n_walks": 8,
    "total_test_samples": 1120,
    "market": "GDEA",
    "use_sentiment": false
}