{
    "accuracy_mean": 0.5089285714285714,
    "accuracy_std": 0.03672672107357701,
    "accuracy_min": 0.45,
    "accuracy_max": 0.5642857142857143,
    "precision_mean": 0.4466400423828658,
    "precision_std": 0.17520089287896404,
    "precision_min": 0.0,
    "precision_max": 0.5833333333333334,
    "recall_mean": 0.5435177803130795,
    "recall_std": 0.28657519095780587,
    "recall_min": 0.0,
    "recall_max": 1.0,
    "f1_score_mean": 0.47850200560806705,
    "f1_score_std": 0.20360999979049846,
    "f1_score_min": 0.0,
    "f1_score_max": 0.7214611872146118,
    "specificity_mean": 0.4539210321492242,
    "specificity_std": 0.30630141105344166,
    "specificity_min": 0.0,
    "specificity_max": 1.0,
    "sensitivity_mean": 0.5435177803130795,
    "sensitivity_std": 0.28657519095780587,
    "sensitivity_min": 0.0,
    "sensitivity_max": 1.0,
    "up_precision_mean": 0.4466400423828658,
    "up_precision_std": 0.17520089287896404,
    "up_precision_min": 0.0,
    "up_precision_max": 0.5833333333333334,
    "true_positives_mean": 39.375,
    "true_positives_std": 22.85244789951396,
    "true_positives_min": 0,
    "true_positives_max": 79,
    "true_negatives_mean": 31.875,
    "true_negatives_std": 21.50835593438048,
    "true_negatives_min": 0,
    "true_negatives_max": 67,
    "false_positives_mean": 36.875,
    "false_positives_std": 19.45788721829788,
    "false_positives_min": 0,
    "false_positives_max": 65,
    "false_negatives_mean": 31.875,
    "false_negatives_std": 20.508763370812975,
    "false_negatives_min": 0,
    "false_negatives_max": 73,
    "n_walks": 8,
    "total_test_samples": 1120,
    "market": "GDEA",
    "use_sentiment": false
}