{
  "total_return": 2.309041503260297,
  "cagr": 0.2765721984012184,
  "mean_daily_return": 0.0013785043265015253,
  "annual_return": 0.3473830902783844,
  "daily_volatility": 0.024909649579721155,
  "annual_volatility": 0.39542842820224067,
  "downside_volatility": 0.33105808719202495,
  "sharpe_ratio": 0.8279199645983604,
  "sortino_ratio": 1.1549856373221012,
  "max_drawdown": -0.34524421405654526,
  "calmar_ratio": 0.8010914800035446,
  "var_95": -0.03691318560746602,
  "cvar_95": -0.060958995419341126,
  "skewness": 0.3368272656708927,
  "kurtosis": 5.0674047672968445,
  "beta": 0.6796855154603848,
  "alpha": 0.08059562306797657,
  "information_ratio": -0.13156633242535662,
  "win_rate_vs_benchmark": 0.44325290437890974,
  "positive_days": 0.36282394995531725,
  "negative_days": 0.36371760500446826,
  "best_day": 0.10800736503371677,
  "worst_day": -0.10003109745188199,
  "avg_recovery_days": 60.53333333333333,
  "max_recovery_days": 665
}