{
  "total_return": 1.9878189976256602,
  "cagr": 0.2507168788302052,
  "mean_daily_return": 0.001170102337856998,
  "annual_return": 0.2948657891399635,
  "daily_volatility": 0.019721896713343696,
  "annual_volatility": 0.31307540451605714,
  "downside_volatility": 0.26409823236698304,
  "sharpe_ratio": 0.8779539535047253,
  "sortino_ratio": 1.2807586252425733,
  "max_drawdown": -0.26605482097434996,
  "calmar_ratio": 0.9423504445889238,
  "var_95": -0.02527142110433501,
  "cvar_95": -0.04570438334450661,
  "skewness": 1.257015142123766,
  "kurtosis": 14.724024509196981,
  "beta": 0.6360325547301926,
  "alpha": -0.014028938315583939,
  "information_ratio": -0.7565639657317309,
  "win_rate_vs_benchmark": 0.43789097408400357,
  "positive_days": 0.34316353887399464,
  "negative_days": 0.322609472743521,
  "best_day": 0.19301188375537226,
  "worst_day": -0.0997228962436082,
  "avg_recovery_days": 33.333333333333336,
  "max_recovery_days": 476
}