{
  "total_return": 0.822696964727816,
  "cagr": 0.13031335903089047,
  "mean_daily_return": 0.0007455890086067508,
  "annual_return": 0.1878884301689012,
  "daily_volatility": 0.02048101187895613,
  "annual_volatility": 0.32512598418406585,
  "downside_volatility": 0.34525819807856856,
  "sharpe_ratio": 0.5163796138602487,
  "sortino_ratio": 0.7276788874260791,
  "max_drawdown": -0.5346329125595503,
  "calmar_ratio": 0.2437436154220593,
  "var_95": -0.027074821122558736,
  "cvar_95": -0.052712370877264374,
  "skewness": 0.3332385127896263,
  "kurtosis": 9.600866535992916,
  "beta": 0.4586508136786557,
  "alpha": 0.001356600275366715,
  "information_ratio": -0.5526933532810774,
  "win_rate_vs_benchmark": 0.44146559428060766,
  "positive_days": 0.22788203753351208,
  "negative_days": 0.24932975871313673,
  "best_day": 0.10800733054841949,
  "worst_day": -0.10002425641876078,
  "avg_recovery_days": 15.272727272727273,
  "max_recovery_days": 111
}