{
  "total_return": 2.3764971817325735,
  "cagr": 0.28237412092820047,
  "mean_daily_return": 0.0013039604251096984,
  "annual_return": 0.32859802712764397,
  "daily_volatility": 0.020923829161065978,
  "annual_volatility": 0.33215549061229094,
  "downside_volatility": 0.29109892441912427,
  "sharpe_ratio": 0.9290770011321461,
  "sortino_ratio": 1.3433216834515842,
  "max_drawdown": -0.30138559444275653,
  "calmar_ratio": 0.9369197670190338,
  "var_95": -0.027010884639884384,
  "cvar_95": -0.04914451200394216,
  "skewness": 1.0445191937582123,
  "kurtosis": 12.806949373234758,
  "beta": 0.7165519717882033,
  "alpha": -0.016869726146874653,
  "information_ratio": -0.6961575997605491,
  "win_rate_vs_benchmark": 0.44235924932975873,
  "positive_days": 0.3342269883824844,
  "negative_days": 0.30294906166219837,
  "best_day": 0.19301188595244323,
  "worst_day": -0.09995342397210805,
  "avg_recovery_days": 13.25,
  "max_recovery_days": 106
}