{
  "total_return": 0.8854561787891737,
  "cagr": 0.11955961399037962,
  "mean_daily_return": 0.003415601346217328,
  "annual_return": 0.8607315392467667,
  "daily_volatility": 0.043889964836416655,
  "annual_volatility": 0.6967315920511689,
  "downside_volatility": 0.598379013200677,
  "sharpe_ratio": 1.206679227465004,
  "sortino_ratio": 2.1412574767720893,
  "max_drawdown": -0.4327986236281244,
  "calmar_ratio": 0.2762476760857479,
  "var_95": -0.0374231292529492,
  "cvar_95": -0.07956397646927779,
  "skewness": 3.5494529468781075,
  "kurtosis": 35.832775311788346,
  "beta": 0.5008792444456532,
  "alpha": 0.4165372978520707,
  "information_ratio": -0.008867888304635555,
  "win_rate_vs_benchmark": 0.46613545816733065,
  "positive_days": 0.23904382470119523,
  "negative_days": 0.250996015936255,
  "best_day": 0.39886086267345555,
  "worst_day": -0.21940097919013113,
  "avg_recovery_days": 263.2,
  "max_recovery_days": 1113
}