{
  "total_return": 0.8942392130338122,
  "cagr": 0.12092321941668249,
  "mean_daily_return": 0.00294060432472833,
  "annual_return": 0.7410322898315391,
  "daily_volatility": 0.02847546308636259,
  "annual_volatility": 0.45203396276349106,
  "downside_volatility": 0.3189760497731636,
  "sharpe_ratio": 1.5950843282295384,
  "sortino_ratio": 2.6728037074199387,
  "max_drawdown": -0.37323728972618,
  "calmar_ratio": 0.3239848288079576,
  "var_95": -0.037267898797531576,
  "cvar_95": -0.05821275244165257,
  "skewness": 1.6129833757545315,
  "kurtosis": 10.139941454102349,
  "beta": 0.527304804910622,
  "alpha": 0.35598734725213316,
  "information_ratio": 0.06718414778424489,
  "win_rate_vs_benchmark": 0.4103585657370518,
  "positive_days": 0.33067729083665337,
  "negative_days": 0.3466135458167331,
  "best_day": 0.17452656874294248,
  "worst_day": -0.10415882241066243,
  "avg_recovery_days": 40.833333333333336,
  "max_recovery_days": 196
}