{
  "total_return": 1.021317031903978,
  "cagr": 0.13400497448457216,
  "mean_daily_return": 0.003112613379634609,
  "annual_return": 0.7843785716679215,
  "daily_volatility": 0.02500090910144719,
  "annual_volatility": 0.39687712819776333,
  "downside_volatility": 0.3062132634229515,
  "sharpe_ratio": 1.9259829235788886,
  "sortino_ratio": 3.1789888594853486,
  "max_drawdown": -0.3087728066327713,
  "calmar_ratio": 0.43399215088246595,
  "var_95": -0.025885765336867424,
  "cvar_95": -0.052319180399734405,
  "skewness": 1.2650868864222093,
  "kurtosis": 9.412289312167054,
  "beta": 0.4064650780568255,
  "alpha": 0.48298909882794294,
  "information_ratio": 0.15023788003517494,
  "win_rate_vs_benchmark": 0.42231075697211157,
  "positive_days": 0.29880478087649404,
  "negative_days": 0.3187250996015936,
  "best_day": 0.1591823290406713,
  "worst_day": -0.104158826245492,
  "avg_recovery_days": 31.76923076923077,
  "max_recovery_days": 168
}