{
  "total_return": 0.5993187568970515,
  "cagr": 0.08722026258168847,
  "mean_daily_return": 0.003240332726111896,
  "annual_return": 0.8165638469801978,
  "daily_volatility": 0.05265813450306338,
  "annual_volatility": 0.835921970398173,
  "downside_volatility": 0.7588590859105352,
  "sharpe_ratio": 0.9529165103780828,
  "sortino_ratio": 1.4085185572077796,
  "max_drawdown": -0.44465957178084864,
  "calmar_ratio": 0.19615064673492547,
  "var_95": -0.0478216567130256,
  "cvar_95": -0.1036429191988748,
  "skewness": 1.3851210079575293,
  "kurtosis": 28.11757826223276,
  "beta": 0.7206121818054425,
  "alpha": 0.18627795234496203,
  "information_ratio": -0.09667892993149836,
  "win_rate_vs_benchmark": 0.4541832669322709,
  "positive_days": 0.29880478087649404,
  "negative_days": 0.3346613545816733,
  "best_day": 0.39886086267345555,
  "worst_day": -0.37239845280850215,
  "avg_recovery_days": 245.0,
  "max_recovery_days": 938
}