{
  "test_f1": 0.581804298051101,
  "test_f1_std": 0.23603577191028977,
  "test_accuracy": 0.5789473684210525,
  "test_accuracy_std": 0.13637862516704555,
  "test_precision": 0.5619803807303808,
  "test_precision_std": 0.2585097363000563,
  "test_recall": 0.6583214404642976,
  "test_recall_std": 0.26548315115215015,
  "best_walk": 5,
  "best_f1": 0.8461538461538461,
  "n_walks": 14,
  "total_test_samples": 266,
  "true_positives": 96,
  "true_negatives": 58,
  "false_positives": 65,
  "false_negatives": 47
}