{
  "test_accuracy": 0.4845360824742268,
  "test_precision": 0.4444444444444444,
  "test_recall": 0.8780487804878049,
  "test_f1": 0.5901639344262294,
  "true_positives": 36,
  "true_negatives": 11,
  "false_positives": 45,
  "false_negatives": 5,
  "best_val_accuracy": 0.5977011494252874,
  "best_epoch": 9,
  "total_epochs": 33
}