{
    "accuracy_mean": 0.5,
    "accuracy_std": 0.04683884660215715,
    "accuracy_min": 0.42142857142857143,
    "accuracy_max": 0.5785714285714286,
    "precision_mean": 0.3949850016497613,
    "precision_std": 0.2087692749020826,
    "precision_min": 0.0,
    "precision_max": 0.591304347826087,
    "recall_mean": 0.4682144670503193,
    "recall_std": 0.32363106521670126,
    "recall_min": 0.0,
    "recall_max": 0.85,
    "f1_score_mean": 0.40320133996588503,
    "f1_score_std": 0.24832673954447598,
    "f1_score_min": 0.0,
    "f1_score_max": 0.6974358974358974,
    "specificity_mean": 0.5242112182380727,
    "specificity_std": 0.3235637787898576,
    "specificity_min": 0.18181818181818182,
    "specificity_max": 1.0,
    "sensitivity_mean": 0.4682144670503193,
    "sensitivity_std": 0.32363106521670126,
    "sensitivity_min": 0.0,
    "sensitivity_max": 0.85,
    "up_precision_mean": 0.3949850016497613,
    "up_precision_std": 0.2087692749020826,
    "up_precision_min": 0.0,
    "up_precision_max": 0.591304347826087,
    "true_positives_mean": 33.0,
    "true_positives_std": 23.979157616563597,
    "true_positives_min": 0,
    "true_positives_max": 68,
    "true_negatives_mean": 37.0,
    "true_negatives_std": 22.869193252058544,
    "true_negatives_min": 13,
    "true_negatives_max": 70,
    "false_positives_mean": 33.2,
    "false_positives_std": 22.341888908505474,
    "false_positives_min": 0,
    "false_positives_max": 63,
    "false_negatives_mean": 36.8,
    "false_negatives_std": 22.916369695045507,
    "false_negatives_min": 12,
    "false_negatives_max": 75,
    "n_walks": 10,
    "total_test_samples": 1400,
    "market": "GDEA",
    "use_sentiment": false
}