{
    "accuracy_mean": 0.5053571428571428,
    "accuracy_std": 0.041764341298308916,
    "accuracy_min": 0.45,
    "accuracy_max": 0.5714285714285714,
    "precision_mean": 0.3744047619047619,
    "precision_std": 0.22156853615338062,
    "precision_min": 0.0,
    "precision_max": 0.5714285714285714,
    "recall_mean": 0.6557377049180328,
    "recall_std": 0.4500738987964703,
    "recall_min": 0.0,
    "recall_max": 1.0,
    "f1_score_mean": 0.4631917320014865,
    "f1_score_std": 0.2946168319894399,
    "f1_score_min": 0.0,
    "f1_score_max": 0.7272727272727273,
    "specificity_mean": 0.34177215189873417,
    "specificity_std": 0.4478491030464427,
    "specificity_min": 0.0,
    "specificity_max": 1.0,
    "sensitivity_mean": 0.6557377049180328,
    "sensitivity_std": 0.4500738987964703,
    "sensitivity_min": 0.0,
    "sensitivity_max": 1.0,
    "up_precision_mean": 0.3744047619047619,
    "up_precision_std": 0.22156853615338062,
    "up_precision_min": 0.0,
    "up_precision_max": 0.5714285714285714,
    "true_positives_mean": 47.0,
    "true_positives_std": 33.21897048374618,
    "true_positives_min": 0,
    "true_positives_max": 80,
    "true_negatives_mean": 23.75,
    "true_negatives_std": 30.75203245315665,
    "true_negatives_min": 0,
    "true_negatives_max": 67,
    "false_positives_mean": 45.0,
    "false_positives_std": 30.487702438852292,
    "false_positives_min": 0,
    "false_positives_max": 77,
    "false_negatives_mean": 24.25,
    "false_negatives_std": 32.33709170596515,
    "false_negatives_min": 0,
    "false_negatives_max": 75,
    "n_walks": 8,
    "total_test_samples": 1120,
    "market": "GDEA",
    "use_sentiment": false
}