{
  "reversal_threshold": 0.6499999999999999,
  "reversal_stats": {
    "total_samples": 19,
    "reversed": 2,
    "reversal_rate": 0.10526315789473684,
    "avg_error_prob": 0.47519242763519287,
    "coverage": 1.0
  },
  "feature_importance": [
    0.0,
    0.12816384434700012,
    0.10498545318841934,
    0.1402190625667572,
    0.08688315004110336,
    0.0,
    0.08646555989980698,
    0.06950730830430984,
    0.09982933849096298,
    0.0,
    0.0,
    0.10495701432228088,
    0.08870171755552292,
    0.09028755128383636,
    0.0,
    0.0
  ],
  "model_type": "XGBoost"
}