{
  "training": {
    "lstm_baseline_accuracy": 0.5862068965517241,
    "final_accuracy": 0.7068965517241379,
    "improvement": 0.12068965517241381,
    "reversal_rate": 0.1206896551724138,
    "reversals_correct": 1.0,
    "kept_correct": 0.6666666666666666,
    "coverage": 1.0,
    "total_samples": 58,
    "reversed_count": 7,
    "precision": 0.6666666666666666,
    "recall": 0.45454545454545453,
    "f1_score": 0.5405405405405405
  },
  "validation": {
    "lstm_baseline_accuracy": 0.3684210526315789,
    "final_accuracy": 0.3684210526315789,
    "improvement": 0.0,
    "reversal_rate": 0.10526315789473684,
    "reversals_correct": 0.5,
    "kept_correct": 0.35294117647058826,
    "coverage": 1.0,
    "total_samples": 19,
    "reversed_count": 2,
    "precision": 0.5,
    "recall": 0.25,
    "f1_score": 0.3333333333333333
  },
  "reversal_stats": {
    "total_samples": 19,
    "reversed": 2,
    "reversal_rate": 0.10526315789473684,
    "avg_error_prob": 0.47519242763519287,
    "coverage": 1.0
  },
  "config": {
    "market": "HBEA",
    "frequency": "weekly",
    "reversal_threshold": 0.6499999999999999,
    "coverage": 1.0
  }
}