{
    "accuracy": 0.5363825363825364,
    "precision": 0.5238095238095238,
    "recall": 0.19383259911894274,
    "f1_score": 0.2829581993569132,
    "specificity": 0.84251968503937,
    "sensitivity": 0.19383259911894274,
    "up_precision": 0.5238095238095238,
    "true_positives": 44,
    "true_negatives": 214,
    "false_positives": 40,
    "false_negatives": 183
}