{
  "accuracy": 0.47959183673469385,
  "precision": 0.4418604651162791,
  "recall": 0.926829268292683,
  "f1_score": 0.5984251968503937,
  "true_positives": 38,
  "true_negatives": 9,
  "false_positives": 48,
  "false_negatives": 3,
  "best_val_accuracy": 0.6091954022988506,
  "final_epoch": 32,
  "config": {
    "market": "GDEA",
    "use_sentiment": true,
    "sequence_length": 12,
    "batch_size": 16,
    "learning_rate": 0.001,
    "hidden_size": 128,
    "num_layers": 2,
    "input_features": 63
  }
}