{
    "accuracy": 0.6360052562417872,
    "precision": 0.4297297297297297,
    "recall": 0.7066666666666667,
    "f1_score": 0.534453781512605,
    "specificity": 0.6063432835820896,
    "sensitivity": 0.7066666666666667,
    "up_precision": 0.4297297297297297,
    "true_positives": 159,
    "true_negatives": 325,
    "false_positives": 211,
    "false_negatives": 66
}