{
    "accuracy_mean": 0.5014285714285714,
    "accuracy_std": 0.05138887356744272,
    "accuracy_min": 0.4142857142857143,
    "accuracy_max": 0.5571428571428572,
    "precision_mean": 0.4823160751597927,
    "precision_std": 0.0953759067413973,
    "precision_min": 0.2777777777777778,
    "precision_max": 0.6666666666666666,
    "recall_mean": 0.5692994205844932,
    "recall_std": 0.2222769603577398,
    "recall_min": 0.21739130434782608,
    "recall_max": 0.8870967741935484,
    "f1_score_mean": 0.49347180877445485,
    "f1_score_std": 0.11418358231333989,
    "f1_score_min": 0.24390243902439024,
    "f1_score_max": 0.6037735849056604,
    "specificity_mean": 0.4475836845490118,
    "specificity_std": 0.23710541586855702,
    "specificity_min": 0.08974358974358974,
    "specificity_max": 0.847457627118644,
    "sensitivity_mean": 0.5692994205844932,
    "sensitivity_std": 0.2222769603577398,
    "sensitivity_min": 0.21739130434782608,
    "sensitivity_max": 0.8870967741935484,
    "up_precision_mean": 0.4823160751597927,
    "up_precision_std": 0.0953759067413973,
    "up_precision_min": 0.2777777777777778,
    "up_precision_max": 0.6666666666666666,
    "true_positives_mean": 37.2,
    "true_positives_std": 14.02711659607918,
    "true_positives_min": 10,
    "true_positives_max": 55,
    "true_negatives_mean": 33.0,
    "true_negatives_std": 18.13284313062902,
    "true_negatives_min": 7,
    "true_negatives_max": 68,
    "false_positives_mean": 41.4,
    "false_positives_std": 18.602150413325877,
    "false_positives_min": 9,
    "false_positives_max": 71,
    "false_negatives_mean": 28.4,
    "false_negatives_std": 15.736581585592216,
    "false_negatives_min": 7,
    "false_negatives_max": 63,
    "n_walks": 10,
    "total_test_samples": 1400,
    "market": "HBEA",
    "use_sentiment": false
}