{
    "accuracy_mean": 0.47946428571428573,
    "accuracy_std": 0.042172734566498365,
    "accuracy_min": 0.40714285714285714,
    "accuracy_max": 0.5357142857142857,
    "precision_mean": 0.4023320616731377,
    "precision_std": 0.18548975068962711,
    "precision_min": 0.0,
    "precision_max": 0.6585365853658537,
    "recall_mean": 0.48672621233079455,
    "recall_std": 0.3490735161908603,
    "recall_min": 0.0,
    "recall_max": 1.0,
    "f1_score_mean": 0.39772914802368575,
    "f1_score_std": 0.21078978399140655,
    "f1_score_min": 0.0,
    "f1_score_max": 0.6256410256410256,
    "specificity_mean": 0.49858815620600583,
    "specificity_std": 0.3358109715013097,
    "specificity_min": 0.0,
    "specificity_max": 1.0,
    "sensitivity_mean": 0.48672621233079455,
    "sensitivity_std": 0.3490735161908603,
    "sensitivity_min": 0.0,
    "sensitivity_max": 1.0,
    "up_precision_mean": 0.4023320616731377,
    "up_precision_std": 0.18548975068962711,
    "up_precision_min": 0.0,
    "up_precision_max": 0.6585365853658537,
    "true_positives_mean": 31.625,
    "true_positives_std": 22.298752767811926,
    "true_positives_min": 0,
    "true_positives_max": 62,
    "true_negatives_mean": 35.5,
    "true_negatives_std": 23.425413550244958,
    "true_negatives_min": 0,
    "true_negatives_max": 74,
    "false_positives_mean": 38.125,
    "false_positives_std": 26.85347975589011,
    "false_positives_min": 0,
    "false_positives_max": 78,
    "false_negatives_mean": 34.75,
    "false_negatives_std": 24.696912762529653,
    "false_negatives_min": 0,
    "false_negatives_max": 66,
    "n_walks": 8,
    "total_test_samples": 1120,
    "market": "HBEA",
    "use_sentiment": false
}